"DESCRIPTION","DURATION IN MS","NAME","PARENT SUITE","START TIME","STATUS","STOP TIME","SUB SUITE","SUITE","TEST CLASS","TEST METHOD"
"","0","[API] Update user should return 400_BAD_REQUEST when send update user request with invalid data. Case: 'zipcode' length = min - 1","tests.api.user","Sat May 23 18:45:18 UTC 2026","skipped","Sat May 23 18:45:18 UTC 2026","TestUpdateUserApi","test_update_user","",""
"","0","[API] Update user should return 400_BAD_REQUEST when send update user request with invalid data. Case: 'address2' length = max + 1","tests.api.user","Sat May 23 18:45:18 UTC 2026","skipped","Sat May 23 18:45:18 UTC 2026","TestUpdateUserApi","test_update_user","",""
"","0","[API] Update user should return 400_BAD_REQUEST when send update user request with invalid data. Case: 'name' length = min - 1","tests.api.user","Sat May 23 18:45:18 UTC 2026","skipped","Sat May 23 18:45:18 UTC 2026","TestUpdateUserApi","test_update_user","",""
"","0","[API] Update user should return 400_BAD_REQUEST when send update user request with invalid data. Case: 'birth_year' is negative","tests.api.user","Sat May 23 18:45:18 UTC 2026","skipped","Sat May 23 18:45:18 UTC 2026","TestUpdateUserApi","test_update_user","",""
"","185","[API] Update user should return 200_OK when send update user request with valid data. Case: 'city' length = max","tests.api.user","Sat May 23 18:45:21 UTC 2026","passed","Sat May 23 18:45:21 UTC 2026","TestUpdateUserApi","test_update_user","",""
"","363","[API] Update user should return 200_OK when send update user request with valid data. Case: 'name' length = min","tests.api.user","Sat May 23 18:45:08 UTC 2026","passed","Sat May 23 18:45:08 UTC 2026","TestUpdateUserApi","test_update_user","",""
"","0","[API] Update user should return 400_BAD_REQUEST when send update user request with invalid data. Case: 'email' not contains domain","tests.api.user","Sat May 23 18:45:18 UTC 2026","skipped","Sat May 23 18:45:18 UTC 2026","TestUpdateUserApi","test_update_user","",""
"","0","[API] Update user should return 400_BAD_REQUEST when send update user request with invalid data. Case: 'address1' is empty","tests.api.user","Sat May 23 18:45:18 UTC 2026","skipped","Sat May 23 18:45:18 UTC 2026","TestUpdateUserApi","test_update_user","",""
"","0","[API] Update user should return 400_BAD_REQUEST when send update user request with invalid data. Case: 'birth_month' is invalid positive","tests.api.user","Sat May 23 18:45:18 UTC 2026","skipped","Sat May 23 18:45:18 UTC 2026","TestUpdateUserApi","test_update_user","",""
"","224","[API] Update user should return 200_OK when send update user request with valid data. Case: 'address2' length = min","tests.api.user","Sat May 23 18:45:24 UTC 2026","passed","Sat May 23 18:45:25 UTC 2026","TestUpdateUserApi","test_update_user","",""
"","0","[API] Update user should return 400_BAD_REQUEST when send update user request with invalid data. Case: 'birth_year' is invalid positive","tests.api.user","Sat May 23 18:45:18 UTC 2026","skipped","Sat May 23 18:45:18 UTC 2026","TestUpdateUserApi","test_update_user","",""
"","0","[API] Update user should return 400_BAD_REQUEST when send update user request with invalid data. Case: 'last_name' length = max + 1","tests.api.user","Sat May 23 18:45:18 UTC 2026","skipped","Sat May 23 18:45:18 UTC 2026","TestUpdateUserApi","test_update_user","",""
"","0","[API] Update user should return 400_BAD_REQUEST when send update user request with invalid data. Case: 'name' length = max + 1","tests.api.user","Sat May 23 18:45:18 UTC 2026","skipped","Sat May 23 18:45:18 UTC 2026","TestUpdateUserApi","test_update_user","",""
"","210","[API] Update user should return 200_OK when send update user request with valid data. Case: 'last_name' length = min","tests.api.user","Sat May 23 18:45:13 UTC 2026","passed","Sat May 23 18:45:13 UTC 2026","TestUpdateUserApi","test_update_user","",""
"","0","[API] Update user should return 400_BAD_REQUEST when send update user request with invalid data. Case: 'state' length = max + 1","tests.api.user","Sat May 23 18:45:18 UTC 2026","skipped","Sat May 23 18:45:18 UTC 2026","TestUpdateUserApi","test_update_user","",""
"","0","[API] Update user should return 400_BAD_REQUEST when send update user request with invalid data. Case: 'name' is absent","tests.api.user","Sat May 23 18:45:30 UTC 2026","skipped","Sat May 23 18:45:30 UTC 2026","TestUpdateUserApi","test_update_user","",""
"","0","[API] Update user should return 400_BAD_REQUEST when send update user request with invalid data. Case: 'email' contains text before username","tests.api.user","Sat May 23 18:45:18 UTC 2026","skipped","Sat May 23 18:45:18 UTC 2026","TestUpdateUserApi","test_update_user","",""
"","598","[API] Update user should return 200_OK when send update user request with valid data. Case: 'last_name' length = max - 1","tests.api.user","Sat May 23 18:45:15 UTC 2026","passed","Sat May 23 18:45:15 UTC 2026","TestUpdateUserApi","test_update_user","",""
"","0","[API] Update user should return 400_BAD_REQUEST when send update user request with invalid data. Case: 'birth_day' is negative","tests.api.user","Sat May 23 18:45:18 UTC 2026","skipped","Sat May 23 18:45:18 UTC 2026","TestUpdateUserApi","test_update_user","",""
"","239","[API] Update user should return 200_OK when send update user request with valid data. Case: 'mobile_number' length = max - 1","tests.api.user","Sat May 23 18:45:07 UTC 2026","passed","Sat May 23 18:45:08 UTC 2026","TestUpdateUserApi","test_update_user","",""
"","215","[API] Update user should return 200_OK when send update user request with valid data. Case: 'city' length = max - 1","tests.api.user","Sat May 23 18:45:20 UTC 2026","passed","Sat May 23 18:45:21 UTC 2026","TestUpdateUserApi","test_update_user","",""
"","0","[API] Update user should return 400_BAD_REQUEST when send update user request with invalid data. Case: 'zipcode' is absent","tests.api.user","Sat May 23 18:45:18 UTC 2026","skipped","Sat May 23 18:45:18 UTC 2026","TestUpdateUserApi","test_update_user","",""
"","209","[API] Update user should return 200_OK when send update user request with valid data. Case: 'address1' length = max - 1","tests.api.user","Sat May 23 18:45:23 UTC 2026","passed","Sat May 23 18:45:23 UTC 2026","TestUpdateUserApi","test_update_user","",""
"","0","[API] Update user should return 400_BAD_REQUEST when send update user request with invalid data. Case: 'mobile_number' is absent","tests.api.user","Sat May 23 18:45:18 UTC 2026","skipped","Sat May 23 18:45:18 UTC 2026","TestUpdateUserApi","test_update_user","",""
"","261","[API] Update user should return 200_OK when send update user request with valid data. Case: 'company' length = max - 1","tests.api.user","Sat May 23 18:45:14 UTC 2026","passed","Sat May 23 18:45:15 UTC 2026","TestUpdateUserApi","test_update_user","",""
"","336","[API] Update user should return 200_OK when send update user request with valid data. Case: 'address1' length = max","tests.api.user","Sat May 23 18:45:24 UTC 2026","passed","Sat May 23 18:45:24 UTC 2026","TestUpdateUserApi","test_update_user","",""
"","0","[API] Update user should return 400_BAD_REQUEST when send update user request with invalid data. Case: 'email' contains text after domain","tests.api.user","Sat May 23 18:45:18 UTC 2026","skipped","Sat May 23 18:45:18 UTC 2026","TestUpdateUserApi","test_update_user","",""
"","234","[API] Update user should return 200_OK when send update user request with valid data. Case: 'state' length = min + 1","tests.api.user","Sat May 23 18:45:17 UTC 2026","passed","Sat May 23 18:45:17 UTC 2026","TestUpdateUserApi","test_update_user","",""
"","0","[API] Update user should return 400_BAD_REQUEST when send update user request with invalid data. Case: 'email' not contains username","tests.api.user","Sat May 23 18:45:18 UTC 2026","skipped","Sat May 23 18:45:18 UTC 2026","TestUpdateUserApi","test_update_user","",""
"","0","[API] Update user should return 400_BAD_REQUEST when send update user request with invalid data. Case: 'birth_month' is absent","tests.api.user","Sat May 23 18:45:18 UTC 2026","skipped","Sat May 23 18:45:18 UTC 2026","TestUpdateUserApi","test_update_user","",""
"","0","[API] Update user should return 400_BAD_REQUEST when send update user request with invalid data. Case: 'birth_month' is zero","tests.api.user","Sat May 23 18:45:18 UTC 2026","skipped","Sat May 23 18:45:18 UTC 2026","TestUpdateUserApi","test_update_user","",""
"","264","[API] Update user should return 200_OK when send update user request with valid data. Case: 'name' length = min + 1","tests.api.user","Sat May 23 18:45:08 UTC 2026","passed","Sat May 23 18:45:09 UTC 2026","TestUpdateUserApi","test_update_user","",""
"","0","[API] Update user should return 400_BAD_REQUEST when send update user request with invalid data. Case: 'state' length = min - 1","tests.api.user","Sat May 23 18:45:18 UTC 2026","skipped","Sat May 23 18:45:18 UTC 2026","TestUpdateUserApi","test_update_user","",""
"","0","[API] Update user should return 400_BAD_REQUEST when send update user request with invalid data. Case: 'first_name' is absent","tests.api.user","Sat May 23 18:45:18 UTC 2026","skipped","Sat May 23 18:45:18 UTC 2026","TestUpdateUserApi","test_update_user","",""
"","211","[API] Update user should return 200_OK when send update user request with valid data. Case: 'birth_year' = 1","tests.api.user","Sat May 23 18:45:12 UTC 2026","passed","Sat May 23 18:45:12 UTC 2026","TestUpdateUserApi","test_update_user","",""
"","234","[API] Update user should return 200_OK when send update user request with valid data. Case: 'address2' length = max","tests.api.user","Sat May 23 18:45:26 UTC 2026","passed","Sat May 23 18:45:27 UTC 2026","TestUpdateUserApi","test_update_user","",""
"","0","[API] Update user should return 400_BAD_REQUEST when send update user request with invalid data. Case: 'city' length = max + 1","tests.api.user","Sat May 23 18:45:18 UTC 2026","skipped","Sat May 23 18:45:18 UTC 2026","TestUpdateUserApi","test_update_user","",""
"","0","[API] Update user should return 400_BAD_REQUEST when send update user request with invalid data. Case: 'birth_day' is invalid positive","tests.api.user","Sat May 23 18:45:18 UTC 2026","skipped","Sat May 23 18:45:18 UTC 2026","TestUpdateUserApi","test_update_user","",""
"","229","[API] Update user should return 200_OK when send update user request with valid data. Case: 'birth_month' = 12","tests.api.user","Sat May 23 18:45:11 UTC 2026","passed","Sat May 23 18:45:11 UTC 2026","TestUpdateUserApi","test_update_user","",""
"","0","[API] Update user should return 400_BAD_REQUEST when send update user request with invalid data. Case: 'first_name' is empty","tests.api.user","Sat May 23 18:45:18 UTC 2026","skipped","Sat May 23 18:45:18 UTC 2026","TestUpdateUserApi","test_update_user","",""
"","0","[API] Update user should return 400_BAD_REQUEST when send update user request with invalid data. Case: 'name' is empty","tests.api.user","Sat May 23 18:45:30 UTC 2026","skipped","Sat May 23 18:45:30 UTC 2026","TestUpdateUserApi","test_update_user","",""
"","0","[API] Update user should return 400_BAD_REQUEST when send update user request with invalid data. Case: 'mobile_number' is empty","tests.api.user","Sat May 23 18:45:18 UTC 2026","skipped","Sat May 23 18:45:18 UTC 2026","TestUpdateUserApi","test_update_user","",""
"","0","[API] Update user should return 400_BAD_REQUEST when send update user request with invalid data. Case: 'email' contains '.' before dog symbol","tests.api.user","Sat May 23 18:45:18 UTC 2026","skipped","Sat May 23 18:45:18 UTC 2026","TestUpdateUserApi","test_update_user","",""
"","0","[API] Update user should return 400_BAD_REQUEST when send update user request with invalid data. Case: 'city' length = min - 1","tests.api.user","Sat May 23 18:45:18 UTC 2026","skipped","Sat May 23 18:45:18 UTC 2026","TestUpdateUserApi","test_update_user","",""
"","222","[API] Update user should return 200_OK when send update user request with valid data. Case: 'mobile_number' length = max","tests.api.user","Sat May 23 18:45:08 UTC 2026","passed","Sat May 23 18:45:08 UTC 2026","TestUpdateUserApi","test_update_user","",""
"","267","[API] Update user should return 200_OK when send update user request with valid data. Case: 'first_name' length = max - 1","tests.api.user","Sat May 23 18:45:12 UTC 2026","passed","Sat May 23 18:45:12 UTC 2026","TestUpdateUserApi","test_update_user","",""
"","264","[API] Update user should return 200_OK when send update user request with valid data. Case: 'birth_month' = 1","tests.api.user","Sat May 23 18:45:10 UTC 2026","passed","Sat May 23 18:45:11 UTC 2026","TestUpdateUserApi","test_update_user","",""
"","0","[API] Update user should return 400_BAD_REQUEST when send update user request with invalid data. Case: 'first_name' length = min - 1","tests.api.user","Sat May 23 18:45:18 UTC 2026","skipped","Sat May 23 18:45:18 UTC 2026","TestUpdateUserApi","test_update_user","",""
"","234","[API] Update user should return 200_OK when send update user request with valid data. Case: 'city' length = min","tests.api.user","Sat May 23 18:45:19 UTC 2026","passed","Sat May 23 18:45:19 UTC 2026","TestUpdateUserApi","test_update_user","",""
"","240","[API] Update user should return 200_OK when send update user request with valid data. Case: 'address2' length = max - 1","tests.api.user","Sat May 23 18:45:26 UTC 2026","passed","Sat May 23 18:45:26 UTC 2026","TestUpdateUserApi","test_update_user","",""
"","263","[API] Update user should return 200_OK when send update user request with valid data. Case: 'first_name' length = min + 1","tests.api.user","Sat May 23 18:45:11 UTC 2026","passed","Sat May 23 18:45:11 UTC 2026","TestUpdateUserApi","test_update_user","",""
"","0","[API] Update user should return 400_BAD_REQUEST when send update user request with invalid data. Case: 'zipcode' is empty","tests.api.user","Sat May 23 18:45:18 UTC 2026","skipped","Sat May 23 18:45:18 UTC 2026","TestUpdateUserApi","test_update_user","",""
"","219","[API] Update user should return 200_OK when send update user request with valid data. Case: 'company' length = min","tests.api.user","Sat May 23 18:45:13 UTC 2026","passed","Sat May 23 18:45:13 UTC 2026","TestUpdateUserApi","test_update_user","",""
"","0","[API] Update user should return 400_BAD_REQUEST when send update user request with invalid data. Case: 'email' contains username hieroglyphs instead of username","tests.api.user","Sat May 23 18:45:18 UTC 2026","skipped","Sat May 23 18:45:18 UTC 2026","TestUpdateUserApi","test_update_user","",""
"","0","[API] Update user should return 400_BAD_REQUEST when send update user request with invalid data. Case: 'city' is empty","tests.api.user","Sat May 23 18:45:18 UTC 2026","skipped","Sat May 23 18:45:18 UTC 2026","TestUpdateUserApi","test_update_user","",""
"","204","[API] Update user should return 200_OK when send update user request with valid data. Case: 'address1' length = min","tests.api.user","Sat May 23 18:45:22 UTC 2026","passed","Sat May 23 18:45:22 UTC 2026","TestUpdateUserApi","test_update_user","",""
"","0","[API] Update user should return 400_BAD_REQUEST when send update user request with invalid data. Case: 'last_name' length = min - 1","tests.api.user","Sat May 23 18:45:18 UTC 2026","skipped","Sat May 23 18:45:18 UTC 2026","TestUpdateUserApi","test_update_user","",""
"","0","[API] Update user should return 400_BAD_REQUEST when send update user request with invalid data. Case: 'birth_year' is absent","tests.api.user","Sat May 23 18:45:18 UTC 2026","skipped","Sat May 23 18:45:18 UTC 2026","TestUpdateUserApi","test_update_user","",""
"","259","[API] Update user should return 200_OK when send update user request with valid data. Case: 'birth_year' = 10000","tests.api.user","Sat May 23 18:45:12 UTC 2026","passed","Sat May 23 18:45:13 UTC 2026","TestUpdateUserApi","test_update_user","",""
"","0","[API] Update user should return 400_BAD_REQUEST when send update user request with invalid data. Case: 'company' is empty","tests.api.user","Sat May 23 18:45:18 UTC 2026","skipped","Sat May 23 18:45:18 UTC 2026","TestUpdateUserApi","test_update_user","",""
"","0","[API] Update user should return 400_BAD_REQUEST when send update user request with invalid data. Case: 'zipcode' length = max + 1","tests.api.user","Sat May 23 18:45:18 UTC 2026","skipped","Sat May 23 18:45:18 UTC 2026","TestUpdateUserApi","test_update_user","",""
"","0","[API] Update user should return 400_BAD_REQUEST when send update user request with invalid data. Case: 'address2' length = min - 1","tests.api.user","Sat May 23 18:45:18 UTC 2026","skipped","Sat May 23 18:45:18 UTC 2026","TestUpdateUserApi","test_update_user","",""
"","213","[API] Update user should return 200_OK when send update user request with valid data. Case: 'last_name' length = min + 1","tests.api.user","Sat May 23 18:45:14 UTC 2026","passed","Sat May 23 18:45:14 UTC 2026","TestUpdateUserApi","test_update_user","",""
"","238","[API] Update user should return 200_OK when send update user request with valid data. Case: 'birth_day' = 1","tests.api.user","Sat May 23 18:45:09 UTC 2026","passed","Sat May 23 18:45:09 UTC 2026","TestUpdateUserApi","test_update_user","",""
"","194","[API] Update user should return 200_OK when send update user request with valid data. Case: 'company' length = max","tests.api.user","Sat May 23 18:45:15 UTC 2026","passed","Sat May 23 18:45:16 UTC 2026","TestUpdateUserApi","test_update_user","",""
"","0","[API] Update user should return 400_BAD_REQUEST when send update user request with invalid data. Case: 'state' is empty","tests.api.user","Sat May 23 18:45:18 UTC 2026","skipped","Sat May 23 18:45:18 UTC 2026","TestUpdateUserApi","test_update_user","",""
"","0","[API] Update user should return 400_BAD_REQUEST when send update user request with invalid data. Case: 'email' contains mail server as ip and port","tests.api.user","Sat May 23 18:45:18 UTC 2026","skipped","Sat May 23 18:45:18 UTC 2026","TestUpdateUserApi","test_update_user","",""
"","388","[API] Update user should return 200_OK when send update user request with valid data. Case: 'mobile_number' length = min","tests.api.user","Sat May 23 18:45:17 UTC 2026","passed","Sat May 23 18:45:17 UTC 2026","TestUpdateUserApi","test_update_user","",""
"","0","[API] Update user should return 400_BAD_REQUEST when send update user request with invalid data. Case: 'mobile_number' length = min - 1","tests.api.user","Sat May 23 18:45:18 UTC 2026","skipped","Sat May 23 18:45:18 UTC 2026","TestUpdateUserApi","test_update_user","",""
"","0","[API] Update user should return 400_BAD_REQUEST when send update user request with invalid data. Case: 'address1' is absent","tests.api.user","Sat May 23 18:45:18 UTC 2026","skipped","Sat May 23 18:45:18 UTC 2026","TestUpdateUserApi","test_update_user","",""
"","0","[API] Update user should return 400_BAD_REQUEST when send update user request with invalid data. Case: 'birth_year' is zero","tests.api.user","Sat May 23 18:45:18 UTC 2026","skipped","Sat May 23 18:45:18 UTC 2026","TestUpdateUserApi","test_update_user","",""
"","0","[API] Update user should return 400_BAD_REQUEST when send update user request with invalid data. Case: 'email' contains domain with one letter","tests.api.user","Sat May 23 18:45:18 UTC 2026","skipped","Sat May 23 18:45:18 UTC 2026","TestUpdateUserApi","test_update_user","",""
"","0","[API] Update user should return 400_BAD_REQUEST when send update user request with invalid data. Case: 'email' not contains '@' symbol","tests.api.user","Sat May 23 18:45:18 UTC 2026","skipped","Sat May 23 18:45:18 UTC 2026","TestUpdateUserApi","test_update_user","",""
"","0","[API] Update user should return 400_BAD_REQUEST when send update user request with invalid data. Case: 'address2' is empty","tests.api.user","Sat May 23 18:45:18 UTC 2026","skipped","Sat May 23 18:45:18 UTC 2026","TestUpdateUserApi","test_update_user","",""
"","0","[API] Update user should return 400_BAD_REQUEST when send update user request with invalid data. Case: 'state' is absent","tests.api.user","Sat May 23 18:45:18 UTC 2026","skipped","Sat May 23 18:45:18 UTC 2026","TestUpdateUserApi","test_update_user","",""
"","356","[API] Update user should return 200_OK when send update user request with valid data. Case: 'birth_day' length = 31","tests.api.user","Sat May 23 18:45:10 UTC 2026","passed","Sat May 23 18:45:10 UTC 2026","TestUpdateUserApi","test_update_user","",""
"","236","[API] Update user should return 200_OK when send update user request with valid data. Case: 'state' length = max","tests.api.user","Sat May 23 18:45:18 UTC 2026","passed","Sat May 23 18:45:19 UTC 2026","TestUpdateUserApi","test_update_user","",""
"","356","[API] Update user should return 200_OK when send update user request with valid data. Case: 'zipcode' length = min","tests.api.user","Sat May 23 18:45:27 UTC 2026","passed","Sat May 23 18:45:28 UTC 2026","TestUpdateUserApi","test_update_user","",""
"","0","[API] Update user should return 400_BAD_REQUEST when send update user request with invalid data. Case: 'email' contains '-' after '@'","tests.api.user","Sat May 23 18:45:18 UTC 2026","skipped","Sat May 23 18:45:18 UTC 2026","TestUpdateUserApi","test_update_user","",""
"","0","[API] Update user should return 400_BAD_REQUEST when send update user request with invalid data. Case: 'email' contains only special symbols","tests.api.user","Sat May 23 18:45:18 UTC 2026","skipped","Sat May 23 18:45:18 UTC 2026","TestUpdateUserApi","test_update_user","",""
"","259","[API] Update user should return 200_OK when send update user request with valid data. Case: 'address2' length = min + 1","tests.api.user","Sat May 23 18:45:25 UTC 2026","passed","Sat May 23 18:45:25 UTC 2026","TestUpdateUserApi","test_update_user","",""
"","229","[API] Update user should return 200_OK when send update user request with valid data. Case: 'company' length = min + 1","tests.api.user","Sat May 23 18:45:14 UTC 2026","passed","Sat May 23 18:45:14 UTC 2026","TestUpdateUserApi","test_update_user","",""
"","0","[API] Update user should return 400_BAD_REQUEST when send update user request with invalid data. Case: 'last_name' is absent","tests.api.user","Sat May 23 18:45:18 UTC 2026","skipped","Sat May 23 18:45:18 UTC 2026","TestUpdateUserApi","test_update_user","",""
"","265","[API] Update user should return 200_OK when send update user request with valid data. Case: 'name' length = max","tests.api.user","Sat May 23 18:45:10 UTC 2026","passed","Sat May 23 18:45:10 UTC 2026","TestUpdateUserApi","test_update_user","",""
"","0","[API] Update user should return 400_BAD_REQUEST when send update user request with invalid data. Case: 'birth_day' is absent","tests.api.user","Sat May 23 18:45:18 UTC 2026","skipped","Sat May 23 18:45:18 UTC 2026","TestUpdateUserApi","test_update_user","",""
"","237","[API] Update user should return 200_OK when send update user request with valid data. Case: 'city' length = min + 1","tests.api.user","Sat May 23 18:45:20 UTC 2026","passed","Sat May 23 18:45:20 UTC 2026","TestUpdateUserApi","test_update_user","",""
"","234","[API] Update user should return 200_OK when send update user request with valid data. Case: 'zipcode' length = max","tests.api.user","Sat May 23 18:45:30 UTC 2026","passed","Sat May 23 18:45:30 UTC 2026","TestUpdateUserApi","test_update_user","",""
"","0","[API] Update user should return 400_BAD_REQUEST when send update user request with invalid data. Case: 'email' is word","tests.api.user","Sat May 23 18:45:18 UTC 2026","skipped","Sat May 23 18:45:18 UTC 2026","TestUpdateUserApi","test_update_user","",""
"","270","[API] Update user should return 200_OK when send update user request with valid data. Case: 'last_name' length = max","tests.api.user","Sat May 23 18:45:16 UTC 2026","passed","Sat May 23 18:45:16 UTC 2026","TestUpdateUserApi","test_update_user","",""
"","332","[API] Update user should return 200_OK when send update user request with valid data. Case: 'mobile_number' length = min + 1","tests.api.user","Sat May 23 18:45:17 UTC 2026","passed","Sat May 23 18:45:18 UTC 2026","TestUpdateUserApi","test_update_user","",""
"","175","[API] Update user should return 200_OK when send update user request with valid data. Case: 'address1' length = min + 1","tests.api.user","Sat May 23 18:45:22 UTC 2026","passed","Sat May 23 18:45:23 UTC 2026","TestUpdateUserApi","test_update_user","",""
"","0","[API] Update user should return 400_BAD_REQUEST when send update user request with invalid data. Case: 'company' length = min - 1","tests.api.user","Sat May 23 18:45:18 UTC 2026","skipped","Sat May 23 18:45:18 UTC 2026","TestUpdateUserApi","test_update_user","",""
"","0","[API] Update user should return 400_BAD_REQUEST when send update user request with invalid data. Case: 'first_name' length = max + 1","tests.api.user","Sat May 23 18:45:18 UTC 2026","skipped","Sat May 23 18:45:18 UTC 2026","TestUpdateUserApi","test_update_user","",""
"","0","[API] Update user should return 400_BAD_REQUEST when send update user request with invalid data. Case: 'address1' length = max + 1","tests.api.user","Sat May 23 18:45:18 UTC 2026","skipped","Sat May 23 18:45:18 UTC 2026","TestUpdateUserApi","test_update_user","",""
"","0","[API] Update user should return 400_BAD_REQUEST when send update user request with invalid data. Case: 'email' contains multiple '@' symbols","tests.api.user","Sat May 23 18:45:18 UTC 2026","skipped","Sat May 23 18:45:18 UTC 2026","TestUpdateUserApi","test_update_user","",""
"","0","[API] Update user should return 400_BAD_REQUEST when send update user request with invalid data. Case: 'birth_month' is negative","tests.api.user","Sat May 23 18:45:18 UTC 2026","skipped","Sat May 23 18:45:18 UTC 2026","TestUpdateUserApi","test_update_user","",""
"","0","[API] Update user should return 400_BAD_REQUEST when send update user request with invalid data. Case: 'last_name' is empty","tests.api.user","Sat May 23 18:45:18 UTC 2026","skipped","Sat May 23 18:45:18 UTC 2026","TestUpdateUserApi","test_update_user","",""
"","0","[API] Update user should return 400_BAD_REQUEST when send update user request with invalid data. Case: 'city' is absent","tests.api.user","Sat May 23 18:45:18 UTC 2026","skipped","Sat May 23 18:45:18 UTC 2026","TestUpdateUserApi","test_update_user","",""
"","243","[API] Update user should return 200_OK when send update user request with valid data. Case: 'first_name' length = min","tests.api.user","Sat May 23 18:45:10 UTC 2026","passed","Sat May 23 18:45:11 UTC 2026","TestUpdateUserApi","test_update_user","",""
"","256","[API] Update user should return 200_OK when send update user request with valid data. Case: 'first_name' length = max","tests.api.user","Sat May 23 18:45:13 UTC 2026","passed","Sat May 23 18:45:13 UTC 2026","TestUpdateUserApi","test_update_user","",""
"","0","[API] Update user should return 400_BAD_REQUEST when send update user request with invalid data. Case: 'birth_day' is zero","tests.api.user","Sat May 23 18:45:18 UTC 2026","skipped","Sat May 23 18:45:18 UTC 2026","TestUpdateUserApi","test_update_user","",""
"","0","[API] Update user should return 400_BAD_REQUEST when send update user request with invalid data. Case: 'email' contains invalid top level domain web","tests.api.user","Sat May 23 18:45:18 UTC 2026","skipped","Sat May 23 18:45:18 UTC 2026","TestUpdateUserApi","test_update_user","",""
"","212","[API] Update user should return 200_OK when send update user request with valid data. Case: 'zipcode' length = max - 1","tests.api.user","Sat May 23 18:45:29 UTC 2026","passed","Sat May 23 18:45:29 UTC 2026","TestUpdateUserApi","test_update_user","",""
"","0","[API] Update user should return 400_BAD_REQUEST when send update user request with invalid data. Case: 'mobile_number' length = max + 1","tests.api.user","Sat May 23 18:45:18 UTC 2026","skipped","Sat May 23 18:45:18 UTC 2026","TestUpdateUserApi","test_update_user","",""
"","240","[API] Update user should return 200_OK when send update user request with valid data. Case: 'zipcode' length = min + 1","tests.api.user","Sat May 23 18:45:28 UTC 2026","passed","Sat May 23 18:45:28 UTC 2026","TestUpdateUserApi","test_update_user","",""
"","378","[API] Update user should return 200_OK when send update user request with valid data. Case: 'state' length = max - 1","tests.api.user","Sat May 23 18:45:17 UTC 2026","passed","Sat May 23 18:45:18 UTC 2026","TestUpdateUserApi","test_update_user","",""
"","0","[API] Update user should return 400_BAD_REQUEST when send update user request with invalid data. Case: 'company' length = max + 1","tests.api.user","Sat May 23 18:45:18 UTC 2026","skipped","Sat May 23 18:45:18 UTC 2026","TestUpdateUserApi","test_update_user","",""
"","0","[API] Update user should return 400_BAD_REQUEST when send update user request with invalid data. Case: 'address1' length = min - 1","tests.api.user","Sat May 23 18:45:18 UTC 2026","skipped","Sat May 23 18:45:18 UTC 2026","TestUpdateUserApi","test_update_user","",""
"","0","[API] Update user should return 400_BAD_REQUEST when send update user request with invalid data. Case: 'mobile_number' has invalid format","tests.api.user","Sat May 23 18:45:18 UTC 2026","skipped","Sat May 23 18:45:18 UTC 2026","TestUpdateUserApi","test_update_user","",""
"","0","[API] Update user should return 400_BAD_REQUEST when send update user request with invalid data. Case: 'email' is empty","tests.api.user","Sat May 23 18:45:18 UTC 2026","skipped","Sat May 23 18:45:18 UTC 2026","TestUpdateUserApi","test_update_user","",""
"","221","[API] Update user should return 200_OK when send update user request with valid data. Case: 'state' length = min","tests.api.user","Sat May 23 18:45:16 UTC 2026","passed","Sat May 23 18:45:16 UTC 2026","TestUpdateUserApi","test_update_user","",""
"","134","[API] Update user should return 404_BAD_REQUEST when send update user request with not existing email","tests.api.user","Sat May 23 18:45:18 UTC 2026","passed","Sat May 23 18:45:18 UTC 2026","TestUpdateUserApi","test_update_user","",""
"","261","[API] Update user should return 200_OK when send update user request with valid data. Case: 'name' length = max - 1","tests.api.user","Sat May 23 18:45:09 UTC 2026","passed","Sat May 23 18:45:09 UTC 2026","TestUpdateUserApi","test_update_user","",""
"","0","[API] Update user should return 400_BAD_REQUEST when send update user request with invalid data. Case: 'zipcode' has invalid format","tests.api.user","Sat May 23 18:45:18 UTC 2026","skipped","Sat May 23 18:45:18 UTC 2026","TestUpdateUserApi","test_update_user","",""
